[{"id":1,"firstname":"aaa","lastname":"zzz","hobby":"cse"},
{"id":2,"firstname":"aaa","lastname":"yyy","hobby":"bme"},
{"id":3,"firstname":"bbb","lastname":"xxx","hobby":"ece"},
{"id":4,"firstname":"ccc","lastname":"www","hobby":"cse"},
{"id":5,"firstname":"ddd","lastname":"vvv","hobby":"eee"},
{"id":6,"firstname":"eee","lastname":"uuu","hobby":"cse"},
{"id":7,"firstname":"fff","lastname":"ttt","hobby":"cse"},
{"id":8,"firstname":"ggg","lastname":"sss","hobby":"aero"},
{"id":9,"firstname":"hhh","lastname":"rrr","hobby":"eee"},
{"id":10,"firstname":"iii","lastname":"qqq","hobby":"cse"},
{"id":11,"firstname":"jjj","lastname":"ppp","hobby":"cse"},
{"id":12,"firstname":"kkk","lastname":"ooo","hobby":"eee"},
{"id":13,"firstname":"lll","lastname":"nnn","hobby":"ece"},
{"id":14,"firstname":"mmm","lastname":"mmm","hobby":"cse"},
{"id":15,"firstname":"nnn","lastname":"lll","hobby":"eie"},
{"id":16,"firstname":"ooo","lastname":"kkk","hobby":"bme"},
{"id":17,"firstname":"ppp","lastname":"jjj","hobby":"ece"},
{"id":18,"firstname":"qqq","lastname":"iii","hobby":"cse"},
{"id":19,"firstname":"rrr","lastname":"hhh","hobby":"eee"},
{"id":20,"firstname":"sss","lastname":"ggg","hobby":"bme"},
{"id":21,"firstname":"ttt","lastname":"ppp","hobby":"eee"},
{"id":22,"firstname":"uuu","lastname":"urt","hobby":"cse"},
{"id":23,"firstname":"vvv","lastname":"agh","hobby":"bme"},
{"id":24,"firstname":"www","lastname":"zil","hobby":"eie"},
{"id":25,"firstname":"xxx","lastname":"zom","hobby":"cse"},
{"id":26,"firstname":"yyy","lastname":"mql","hobby":"eee"},
{"id":27,"firstname":"zzz","lastname":"ajk","hobby":"ece"},
{"id":28,"firstname":"qwe","lastname":"wet","hobby":"cse"},
{"id":29,"firstname":"rty","lastname":"hjk","hobby":"bme"},
{"id":30,"firstname":"uio","lastname":"lty","hobby":"cse"},
{"id":31,"firstname":"pas","lastname":"wer","hobby":"eee"},
{"id":32,"firstname":"dfg","lastname":"put","hobby":"bme"},
{"id":33,"firstname":"jkl","lastname":"zuk","hobby":"cse"},
{"id":34,"firstname":"nmb","lastname":"ltr","hobby":"eee"},
{"id":35,"firstname":"zxc","lastname":"pwe","hobby":"cse"},
{"id":36,"firstname":"hki","lastname":"iut","hobby":"eee"},
{"id":37,"firstname":"qwe","lastname":"phg","hobby":"ece"},
{"id":38,"firstname":"dfg","lastname":"wsr","hobby":"cse"},
{"id":39,"firstname":"nji","lastname":"qrt","hobby":"bme"},
{"id":40,"firstname":"loi","lastname":"ply","hobby":"eee"},
{"id":41,"firstname":"kil","lastname":"atr","hobby":"cse"},
{"id":42,"firstname":"azx","lastname":"ooi","hobby":"cse"},
{"id":43,"firstname":"luy","lastname":"zah","hobby":"eie"},
{"id":44,"firstname":"poi","lastname":"ziy","hobby":"ece"},
{"id":45,"firstname":"ghi","lastname":"zpl","hobby":"cse"},
{"id":46,"firstname":"was","lastname":"zew","hobby":"aero"},
{"id":47,"firstname":"asd","lastname":"zaq","hobby":"cse"},
{"id":48,"firstname":"mkj","lastname":"pil","hobby":"aero"},
{"id":49,"firstname":"pet","lastname":"zoi","hobby":"cse"},
{"id":50"firstname":"aks","lastname":"qwh","hobby":"ece"}]